cosmin,cosminrebegea13@gmail.com,ce buci conducibibi,bibi@gmail.com,testing
bibi,bibi@gmail.com,testing
bibi,bibi@gmail.com,testing
bibi,bibi@gmail.com,testing
bibi,bibi@gmail.com,testing
bibi,bibi@gmail.com,testing
bibi,bibi@gmail.com,testing
bibi,bibi@gmail.com,testing
bibi,bibi@gmail.com,testing
bibi,bibi@gmail.com,testing
bibi,bibi@gmail.com,testing
bibi,bibi@gmail.com,testing
bibi,bibi@gmail.com,testing
bibi,bibi@gmail.com,testing
bibi,bibi@gmail.com,testing
bibi,bibi@gmail.com,testing
bibi,bibi@gmail.com,testing
bibi,bibi@gmail.com,testing
bibi,bibi@gmail.com,testing
bibi,bibi@gmail.com,testing
bibi,bibi@gmail.com,testing
bibi,bibi@gmail.com,testing
bibi,bibi@gmail.com,testing
bibi,bibi@gmail.com,testing
bibi,bibi@gmail.com,testing
bibi,bibi@gmail.com,testing
bibi,bibi@gmail.com,testing
bibi,bibi@gmail.com,testing
bibi,bibi@gmail.com,testing
bibi,bibi@gmail.com,testing
bibi,bibi@gmail.com,testing
bibi,bibi@gmail.com,testing
bibi,bibi@gmail.com,testing
sdf,sdf@aswf,asdf
sdf,sdf@aswf,asdf
sdf,sdf@aswf,asdf
